{
    "count": 4,
    "data": [
      {
        "ALLWISE": "J000009.39+000005.5",
        "APASS": "36514138",
        "Bmag": 17.664,
        "BmagFlag": "bpbj",
        "Dec_orig": 0.00155429152905941,
        "EBVflag": "panstarrs",
        "GAIA": "2546034936370507392",
        "GAIAmag": 15.0494,
        "HIP": null,
        "Hmag": 12.096,
        "ID": 138666670,
        "Jmag": 12.682,
        "KIC": null,
        "Kmag": 11.844,
        "MH": null,
        "PARflag": "gaia2",
        "PMflag": "gaia2",
        "POSflag": "tmgaia2",
        "RA_orig": 0.0392111267047295,
        "SDSS": null,
        "SPFlag": "cdwrf",
        "TESSflag": "cdwrf",
        "TWOMASS": "00000935+0000055",
        "TWOMflag": "AAA-222-111-000-0-0",
        "TYC": null,
        "Teff": 3698,
        "TeffFlag": "cdwrf",
        "Tmag": 13.9988,
        "UCAC": "451-000001",
        "Vmag": 15.76,
        "VmagFlag": "cdwrf",
        "contratio": 0.0160165187,
        "d": 144.823,
        "dec": 0.00154656348731691,
        "disposition": null,
        "distflag": "bj2018",
        "duplicate_id": null,
        "e_Bmag": 0.165,
        "e_Dec": 0.668112647964138,
        "e_Dec_orig": 0.0222185231742124,
        "e_GAIAmag": 0.000346,
        "e_Hmag": 0.025,
        "e_Jmag": 0.022,
        "e_Kmag": 0.022,
        "e_MH": null,
        "e_RA": 1.40161574028456,
        "e_RA_orig": 0.0404806124978958,
        "e_Teff": 157,
        "e_Tmag": 0.00732314,
        "e_Vmag": 0.2,
        "e_d": 0.999,
        "e_ebv": 0.00459657,
        "e_gaiabp": 0.003158,
        "e_gaiarp": 0.001286,
        "e_gmag": null,
        "e_imag": null,
        "e_logg": 0.00582414,
        "e_lum": 0.00749455672,
        "e_mass": 0.0204585,
        "e_plx": 0.047266,
        "e_pmDEC": 0.0430802,
        "e_pmRA": 0.0903891,
        "e_rad": 0.0132746,
        "e_rho": 0.22533,
        "e_rmag": null,
        "e_umag": null,
        "e_w1mag": 0.024,
        "e_w2mag": 0.022,
        "e_w3mag": 0.226,
        "e_w4mag": null,
        "e_zmag": null,
        "ebv": 0.012113,
        "eclat": -0.0140920676980791,
        "eclong": 0.036380133912277,
        "eneg_EBV": 0.00359515,
        "eneg_Mass": null,
        "eneg_Rad": null,
        "eneg_Teff": null,
        "eneg_dist": 0.992,
        "eneg_logg": null,
        "eneg_lum": null,
        "eneg_rho": null,
        "epos_EBV": 0.00559799,
        "epos_Mass": null,
        "epos_Rad": null,
        "epos_Teff": null,
        "epos_dist": 1.006,
        "epos_logg": null,
        "epos_lum": null,
        "epos_rho": null,
        "gaiabp": 16.1107,
        "gaiaqflag": 1,
        "gaiarp": 14.023,
        "gallat": -60.2026437395005,
        "gallong": 96.4104686633384,
        "gmag": null,
        "imag": null,
        "logg": 4.79192,
        "lum": 0.03237297,
        "lumclass": "DWARF",
        "mass": 0.433988,
        "numcont": 27,
        "objID": 21649,
        "objType": "STAR",
        "plx": 6.87651,
        "pmDEC": 1.7949,
        "pmRA": 53.7876,
        "priority": 0,
        "prox": null,
        "ra": 0.0389795412027525,
        "rad": 0.438339,
        "raddflag": 1,
        "rho": 5.15285,
        "rmag": null,
        "splists": "cooldwarfs_v8",
        "starchareFlag": null,
        "typeSrc": "tmgaia2",
        "umag": null,
        "version": "20190415",
        "w1mag": 11.747,
        "w2mag": 11.656,
        "w3mag": 11.389,
        "w4mag": 8.771,
        "wdflag": 0,
        "zmag": null
      },
      {
        "ALLWISE": "J000008.94-000354.2",
        "APASS": "1965574",
        "Bmag": 11.277,
        "BmagFlag": "tycho2b3",
        "Dec_orig": -0.0651846764884406,
        "EBVflag": "panstarrs",
        "GAIA": "2449956964635373440",
        "GAIAmag": 10.5365,
        "HIP": null,
        "Hmag": 9.161,
        "ID": 138666657,
        "Jmag": 9.478,
        "KIC": null,
        "Kmag": 9.077,
        "MH": null,
        "PARflag": "gaia2",
        "PMflag": "gaia2",
        "POSflag": "tmgaia2",
        "RA_orig": 0.0371943982105064,
        "SDSS": null,
        "SPFlag": "gaia2",
        "TESSflag": "rered",
        "TWOMASS": "00000898-0003534",
        "TWOMflag": "AAA-222-111-000-0-0",
        "TYC": "4663-00125-1",
        "Teff": 5678,
        "TeffFlag": "dered",
        "Tmag": 10.0827,
        "UCAC": "450-000009",
        "Vmag": 10.654,
        "VmagFlag": "tycho2v3",
        "contratio": 0.0009278866,
        "d": 139.12,
        "dec": -0.0648131974660977,
        "disposition": null,
        "distflag": "bj2018",
        "duplicate_id": null,
        "e_Bmag": 0.11,
        "e_Dec": 0.685165672214177,
        "e_Dec_orig": 0.0245293100413163,
        "e_GAIAmag": 0.000297,
        "e_Hmag": 0.024,
        "e_Jmag": 0.024,
        "e_Kmag": 0.022,
        "e_MH": null,
        "e_RA": 1.68443983427091,
        "e_RA_orig": 0.0442591644077531,
        "e_Teff": 124.599,
        "e_Tmag": 0.006,
        "e_Vmag": 0.008,
        "e_d": 1.006,
        "e_ebv": 0.003499565,
        "e_gaiabp": 0.000799,
        "e_gaiarp": 0.000545,
        "e_gmag": null,
        "e_imag": null,
        "e_logg": 0.0785313,
        "e_lum": 0.02752375,
        "e_mass": 0.125696,
        "e_plx": 0.0515852,
        "e_pmDEC": 0.0441759,
        "e_pmRA": 0.108636,
        "e_rad": 0.0498492,
        "e_rho": 0.231845,
        "e_rmag": null,
        "e_umag": null,
        "e_w1mag": 0.023,
        "e_w2mag": 0.02,
        "e_w3mag": 0.032,
        "e_w4mag": 0.514,
        "e_zmag": null,
        "ebv": 0.0118462,
        "eclat": -0.0743585216957842,
        "eclong": 0.00855959597852042,
        "eneg_EBV": 0.00403262,
        "eneg_Mass": 0.134412,
        "eneg_Rad": 0.0643141,
        "eneg_Teff": 98.287,
        "eneg_dist": 0.999,
        "eneg_logg": 0.076064,
        "eneg_lum": 0.0375906,
        "eneg_rho": 0.21582,
        "epos_EBV": 0.00296651,
        "epos_Mass": 0.11698,
        "epos_Rad": 0.0353844,
        "epos_Teff": 150.91,
        "epos_dist": 1.013,
        "epos_logg": 0.0809985,
        "epos_lum": 0.0174569,
        "epos_rho": 0.247871,
        "gaiabp": 10.9016,
        "gaiaqflag": 1,
        "gaiarp": 10.0345,
        "gallat": -60.2629095503559,
        "gallong": 96.3544299962349,
        "gmag": null,
        "imag": null,
        "logg": 4.454,
        "lum": 0.91173327,
        "lumclass": "DWARF",
        "mass": 1.01,
        "numcont": 40,
        "objID": 507467714,
        "objType": "STAR",
        "plx": 7.15963,
        "pmDEC": -86.279,
        "pmRA": -54.097,
        "priority": 0,
        "prox": null,
        "ra": 0.0374273159946723,
        "rad": 0.986724,
        "raddflag": 1,
        "rho": 1.05132,
        "rmag": null,
        "splists": null,
        "starchareFlag": null,
        "typeSrc": "tmgaia2",
        "umag": null,
        "version": "20190415",
        "w1mag": 9.046,
        "w2mag": 9.091,
        "w3mag": 9.104,
        "w4mag": 9.042,
        "wdflag": 0,
        "zmag": null
      },
      {
        "ALLWISE": "J235955.83+000238.5",
        "APASS": "37332242",
        "Bmag": 15.109,
        "BmagFlag": "apassdr9",
        "Dec_orig": 0.0440388567739469,
        "EBVflag": "panstarrs",
        "GAIA": "2738188955694714624",
        "GAIAmag": 14.0585,
        "HIP": null,
        "Hmag": 12.374,
        "ID": 38376687,
        "Jmag": 12.842,
        "KIC": null,
        "Kmag": 12.335,
        "MH": null,
        "PARflag": "gaia2",
        "PMflag": "gaia2",
        "POSflag": "tmgaia2",
        "RA_orig": 359.982671017613,
        "SDSS": 1237663784197357637,
        "SPFlag": "gaia2",
        "TESSflag": "rered",
        "TWOMASS": "23595581+0002385",
        "TWOMflag": "AAA-222-111-000-0-0",
        "TYC": null,
        "Teff": 5348,
        "TeffFlag": "dered",
        "Tmag": 13.5371,
        "UCAC": "451-133409",
        "Vmag": 14.231,
        "VmagFlag": "ucac4",
        "contratio": null,